﻿<?xml version="1.0" encoding="utf-8"?>
<manifest package="org.tizen.example.BadgeCounter.Tizen.Wearable" version="1.0.0" api-version="4" xmlns="http://tizen.org/ns/packages">
    <profile name="wearable" />
    <ui-application appid="org.tizen.example.BadgeCounter.Tizen.Wearable" exec="BadgeCounter.Tizen.Wearable.dll" multiple="false" nodisplay="false" taskmanage="true" splash-screen-display="true" type="dotnet" launch_mode="single">
        <label>BadgeCounter</label>
        <icon>BadgeCounter.Tizen.Wearable.png</icon>
        <metadata key="http://tizen.org/metadata/prefer_dotnet_aot" value="true" />
    </ui-application>
    <shortcut-list />
    <privileges>
        <privilege>http://tizen.org/privilege/notification</privilege>
    </privileges>
    <provides-appdefined-privileges />
    <feature name="http://tizen.org/feature/badge">true</feature>
</manifest>
