﻿<?xml version="1.0" encoding="utf-8"?>
<manifest package="org.tizen.example.WearableLesson_27.Tizen.Wearable" version="1.0.0" api-version="4" xmlns="http://tizen.org/ns/packages">
    <profile name="wearable" />
    <ui-application appid="org.tizen.example.WearableLesson_27.Tizen.Wearable" exec="WearableLesson_27.Tizen.Wearable.dll" multiple="false" nodisplay="false" taskmanage="true" splash-screen-display="true" type="dotnet" launch_mode="single">
        <label>WearableLesson_27.Tizen.Wearable</label>
        <icon>WearableLesson_27.Tizen.Wearable.png</icon>
        <metadata key="http://tizen.org/metadata/prefer_dotnet_aot" value="true" />
    </ui-application>
    <privileges>
        <privilege>http://tizen.org/privilege/appmanager.launch</privilege>
        <privilege>http://tizen.org/privilege/packagemanager.info</privilege>
    </privileges>
    <provides-appdefined-privileges />
</manifest>
