﻿<?xml version="1.0" encoding="utf-8"?>
<manifest xmlns="http://tizen.org/ns/packages" api-version="6" package="org.tizen.example.AtelierSampleApp" version="1.0.0">
  <profile name="common" />
  <ui-application appid="org.tizen.example.AtelierSampleApp"
					exec="AtelierSampleApp.dll"
					type="dotnet"
					multiple="false"
					taskmanage="true"
					nodisplay="false"
					launch_mode="single"
          >
    <label>AtelierSampleApp</label>
    <icon>AtelierSampleApp.png</icon>
    <metadata key="http://tizen.org/metadata/prefer_dotnet_aot" value="true" />
  </ui-application>
</manifest>
