﻿<?xml version="1.0" encoding="utf-8"?>
<manifest xmlns="http://tizen.org/ns/packages" api-version="5.5" package="org.tizen.example.BarcodeScanner.Tizen" version="1.0.0">
	<profile name="common" />
	<ui-application appid="org.tizen.example.BarcodeScanner.Tizen"
					exec="BarcodeScanner.Tizen.dll"
					type="dotnet"
					multiple="false"
					taskmanage="true"
					nodisplay="false"
					launch_mode="single"
					api-version="6">
  <label>BarcodeScanner.Tizen</label>
	<icon>BarcodeScanner.Tizen.png</icon>
        <metadata key="http://tizen.org/metadata/prefer_dotnet_aot" value="true" />
	</ui-application>
    <privileges>
        <privilege>http://tizen.org/privilege/camera</privilege>
    </privileges>
</manifest>
