﻿<?xml version="1.0" encoding="utf-8"?>
<manifest package="org.tizen.example.VoiceControlPanel.Tizen" version="1.0.0" api-version="5.5" xmlns="http://tizen.org/ns/packages">
  <profile name="common" />
  <ui-application appid="org.tizen.example.VoiceControlPanel.Tizen" exec="VoiceControlPanel.Tizen.dll" multiple="false" nodisplay="false" taskmanage="true" api-version="6" type="dotnet" launch_mode="single">
    <label>VoiceControlPanel.Tizen</label>
    <icon>VoiceControlPanel.Tizen.png</icon>
    <metadata key="http://tizen.org/metadata/prefer_dotnet_aot" value="true" />
    <splash-screens />
  </ui-application>
  <shortcut-list />
  <privileges>
    <privilege>http://tizen.org/privilege/recorder</privilege>
    <privilege>http://tizen.org/privilege/voicecontrol.manager</privilege>
  </privileges>
  <dependencies />
  <provides-appdefined-privileges />
  <feature name="http://tizen.org/feature/microphone">true</feature>
  <feature name="http://tizen.org/feature/speech.control_manager">true</feature>
</manifest>
