﻿<?xml version="1.0" encoding="utf-8"?>
<manifest xmlns="http://tizen.org/ns/packages" api-version="4" package="org.tizen.example.ImportingProject.Tizen.TV" version="1.0.0">
	<profile name="tv" />
	<ui-application appid="org.tizen.example.ImportingProject.Tizen.TV"
					exec="ImportingProject.Tizen.TV.dll"
					type="dotnet"
					multiple="false"
					taskmanage="true"
					nodisplay="false"
					launch_mode="single">
  <label>ImportingProject.Tizen.TV</label>
	<icon>ImportingProject.Tizen.TV.png</icon>
        <metadata key="http://tizen.org/metadata/prefer_dotnet_aot" value="true" />
	</ui-application>
</manifest>
