<?xml version="1.0" encoding="utf-8"?>
<manifest package="org.tizen.example.AccelerometerI2C" version="1.0.0" api-version="6" xmlns="http://tizen.org/ns/packages">
    <profile name="common" />
    <ui-application appid="org.tizen.example.AccelerometerI2C" exec="AccelerometerI2C.dll" multiple="false" nodisplay="false" taskmanage="true" type="dotnet" launch_mode="single">
        <icon>AccelerometerI2C.png</icon>
        <label>AccelerometerI2C</label>
        <metadata key="http://tizen.org/metadata/prefer_dotnet_aot" value="true" />
        <splash-screens />
    </ui-application>
    <shortcut-list />
    <privileges>
        <privilege>http://tizen.org/privilege/peripheralio</privilege>
    </privileges>
    <dependencies />
    <provides-appdefined-privileges />
</manifest>
