﻿<?xml version="1.0" encoding="utf-8"?>
<manifest package="org.tizen.example.WearableLesson_26.Tizen.Wearable" version="1.0.0" api-version="4" xmlns="http://tizen.org/ns/packages">
    <profile name="wearable" />
    <watch-application appid="org.tizen.example.WearableLesson_26.Tizen.Wearable"
         exec="WearableLesson_26.Tizen.Wearable.dll"  
         type="dotnet"
         ambient-support="true">
        <label>WearableLesson_26.Tizen.Wearable</label>
        <icon>WearableLesson_26.Tizen.Wearable.png</icon>
        <metadata key="http://tizen.org/metadata/prefer_dotnet_aot" value="true" />
    </watch-application>
    <privileges>
        <privilege>http://tizen.org/privilege/alarm.set</privilege>
    </privileges>
    <provides-appdefined-privileges />
</manifest>
