﻿<?xml version="1.0" encoding="utf-8"?>
<manifest package="org.tizen.example.Pedometer" version="1.0.0" api-version="4" xmlns="http://tizen.org/ns/packages">
    <profile name="wearable" />
    <ui-application appid="org.tizen.example.Pedometer" exec="Pedometer.dll" multiple="false" nodisplay="false" taskmanage="true" type="dotnet" launch_mode="single">
        <label>Pedometer</label>
        <icon>pedo_icon.png</icon>
        <metadata key="http://tizen.org/metadata/prefer_dotnet_aot" value="true" />
        <splash-screens />
    </ui-application>
    <shortcut-list />
    <privileges>
        <privilege>http://tizen.org/privilege/healthinfo</privilege>
    </privileges>
    <provides-appdefined-privileges />
</manifest>