﻿<?xml version="1.0" encoding="utf-8"?>
<manifest package="org.tizen.example.HeartRateMonitor.Tizen.Mobile" version="1.0.0" api-version="4" xmlns="http://tizen.org/ns/packages">
    <profile name="mobile" />
    <ui-application appid="org.tizen.example.HeartRateMonitor.Tizen.Mobile" exec="HeartRateMonitor.Tizen.Mobile.dll" multiple="false" nodisplay="false" taskmanage="true" splash-screen-display="true" type="dotnet" launch_mode="single">
        <label>HeartRateMonitor.Tizen.Mobile</label>
        <icon>HeartRateMonitor.Tizen.Mobile.png</icon>
        <metadata key="http://tizen.org/metadata/prefer_dotnet_aot" value="true" />
    </ui-application>
    <shortcut-list />
    <privileges>
        <privilege>http://tizen.org/privilege/healthinfo</privilege>
    </privileges>
    <provides-appdefined-privileges />
</manifest>
