﻿<?xml version="1.0" encoding="utf-8"?>
<manifest xmlns="http://tizen.org/ns/packages" api-version="4" package="org.tizen.example.TextReader.Tizen.Mobile" version="1.0.0">
	<profile name="mobile" />
	<ui-application appid="org.tizen.example.TextReader.Tizen.Mobile"
					exec="TextReader.Tizen.Mobile.dll"
					type="dotnet"
					multiple="false"
					taskmanage="true"
					nodisplay="false"
					launch_mode="single">
  <label>TextReader.Tizen.Mobile</label>
	<icon>TextReader.Tizen.Mobile.png</icon>
        <metadata key="http://tizen.org/metadata/prefer_dotnet_aot" value="true" />
	</ui-application>
</manifest>
