﻿<?xml version="1.0" encoding="utf-8"?>
<manifest package="org.tizen.example.VideoPlayerLite.Tizen.Tizen.TV" version="1.0.0" api-version="4" xmlns="http://tizen.org/ns/packages">
    <profile name="tv" />
    <ui-application appid="org.tizen.example.VideoPlayerLite.Tizen.Tizen.TV" exec="VideoPlayerLite.Tizen.Tizen.TV.dll" multiple="false" nodisplay="false" taskmanage="true" splash-screen-display="true" type="dotnet" launch_mode="single">
        <label>VideoPlayerLite.Tizen.Tizen.TV</label>
        <icon>VideoPlayerLite.Tizen.Tizen.TV.png</icon>
        <metadata key="http://tizen.org/metadata/prefer_dotnet_aot" value="true" />
    </ui-application>
    <shortcut-list />
    <privileges>
        <privilege>http://tizen.org/privilege/mediastorage</privilege>
    </privileges>
    <provides-appdefined-privileges />
</manifest>
