﻿<?xml version="1.0" encoding="utf-8"?>
<manifest package="org.tizen.example.TizenApp" version="1.0.0" api-version="6" xmlns="http://tizen.org/ns/packages">
    <profile name="common" />
    <ui-application appid="org.tizen.example.TizenApp" exec="TizenApp.dll" multiple="false" nodisplay="false" taskmanage="true" type="dotnet" launch_mode="single">
        <label>TizenApp</label>
        <icon>TizenApp.png</icon>
        <metadata key="http://tizen.org/metadata/prefer_dotnet_aot" value="true" />
        <splash-screens />
    </ui-application>
    <shortcut-list />
    <dependencies />
    <provides-appdefined-privileges />
</manifest>