﻿<?xml version="1.0" encoding="utf-8"?>
<manifest package="org.tizen.example.Browser.Tizen" version="1.0.0" api-version="4" xmlns="http://tizen.org/ns/packages">
    <profile name="common" />
    <ui-application appid="org.tizen.example.Browser.Tizen" exec="Browser.Tizen.dll" multiple="false" nodisplay="false" taskmanage="true" type="dotnet" launch_mode="single">
        <label>Browser.Tizen</label>
        <icon>Browser.Tizen.png</icon>
        <metadata key="http://tizen.org/metadata/prefer_dotnet_aot" value="true" />
        <splash-screens />
    </ui-application>
    <shortcut-list />
    <privileges>
        <privilege>http://tizen.org/privilege/internet</privilege>
    </privileges>
    <dependencies />
    <provides-appdefined-privileges />
</manifest>
