<?xml version="1.0" encoding="UTF-8" standalone="no"?>
<manifest xmlns="http://tizen.org/ns/packages" api-version="5.0" package="org.tizen.rcc" version="1.0.0">
    <profile name="iot-headless"/>
    <service-application appid="org.tizen.rcc" exec="rcc" multiple="false" nodisplay="true" taskmanage="false" type="capp">
        <label>rcc</label>
    </service-application>
    <privileges>
        <privilege>http://tizen.org/privilege/appdir.shareddata</privilege>
        <privilege>http://tizen.org/privilege/network.get</privilege>
        <privilege>http://tizen.org/privilege/internet</privilege>
        <privilege>http://tizen.org/privilege/peripheralio</privilege>
    </privileges>
</manifest>
