﻿<?xml version="1.0" encoding="utf-8"?>
<manifest xmlns="http://tizen.org/ns/packages" api-version="4" package="org.tizen.example.QRCodeGenerator.Tizen.Wearable" version="1.0.0">
	<profile name="wearable" />
	<ui-application appid="org.tizen.example.QRCodeGenerator.Tizen.Wearable"
					exec="QRCodeGenerator.Tizen.Wearable.dll"
					type="dotnet"
					multiple="false"
					taskmanage="true"
					nodisplay="false"
					launch_mode="single">
  <label>QRCodeGenerator.Tizen.Wearable</label>
	<icon>QRCodeGenerator.Tizen.Wearable.png</icon>
        <metadata key="http://tizen.org/metadata/prefer_dotnet_aot" value="true" />
	</ui-application>
</manifest>
