﻿<?xml version="1.0" encoding="utf-8"?>
<manifest package="org.tizen.example.Gallery" version="1.0.0" api-version="5.5" xmlns="http://tizen.org/ns/packages">
    <profile name="common" />
    <ui-application appid="org.tizen.example.Gallery" exec="Gallery.dll" multiple="false" nodisplay="false" taskmanage="true" api-version="6" type="dotnet" launch_mode="single">
        <label>Gallery</label>
        <icon>Gallery.png</icon>
        <metadata key="http://tizen.org/metadata/prefer_dotnet_aot" value="true" />
        <splash-screens />
    </ui-application>
    <shortcut-list />
    <dependencies />
    <provides-appdefined-privileges />
</manifest>
