{"v":"5.4.4","fr":60,"ip":0,"op":360,"w":512,"h":512,"nm":"Animation Ready","ddd":0,"assets":[{"id":"comp_0","layers":[{"ddd":0,"ind":1,"ty":4,"nm":"Layer 2 Outlines","sr":1,"ks":{"o":{"a":0,"k":100,"ix":11},"r":{"a":0,"k":0,"ix":10},"p":{"a":1,"k":[{"i":{"x":0.3,"y":1},"o":{"x":0.7,"y":0},"t":0,"s":[234.771,83.81,0],"e":[297.771,113.31,0],"to":[10.5,4.917,0],"ti":[-21,5.083,0]},{"i":{"x":0.3,"y":1},"o":{"x":0.7,"y":0},"t":60,"s":[297.771,113.31,0],"e":[360.771,53.31,0],"to":[21,-5.083,0],"ti":[0,0,0]},{"i":{"x":0.3,"y":1},"o":{"x":0.7,"y":0},"t":150,"s":[360.771,53.31,0],"e":[297.771,113.31,0],"to":[0,0,0],"ti":[17.462,-33.782,0]},{"i":{"x":0.3,"y":1},"o":{"x":0.7,"y":0},"t":210,"s":[297.771,113.31,0],"e":[256,256,0],"to":[-17.462,33.782,0],"ti":[10.5,4.917,0]},{"i":{"x":0.3,"y":1},"o":{"x":0.167,"y":0},"t":270,"s":[256,256,0],"e":[234.771,83.81,0],"to":[-10.5,-4.917,0],"ti":[3.538,28.698,0]},{"t":330}],"ix":2},"a":{"a":0,"k":[40.868,40.868,0],"ix":1},"s":{"a":1,"k":[{"i":{"x":[0.3,0.3,0.3],"y":[1,1,1]},"o":{"x":[0.7,0.7,0.7],"y":[0,0,0]},"t":60,"s":[100,100,100],"e":[55,55,100]},{"i":{"x":[0.3,0.3,0.3],"y":[1,1,1]},"o":{"x":[0.7,0.7,0.7],"y":[0,0,0]},"t":150,"s":[55,55,100],"e":[100,100,100]},{"i":{"x":[0.833,0.833,0.833],"y":[1,1,1]},"o":{"x":[0.7,0.7,0.7],"y":[0,0,0]},"t":210,"s":[100,100,100],"e":[40,40,100]},{"i":{"x":[0.3,0.3,0.3],"y":[1,1,1]},"o":{"x":[0.167,0.167,0.167],"y":[0,0,0]},"t":270,"s":[40,40,100],"e":[100,100,100]},{"t":330}],"ix":6}},"ao":0,"shapes":[{"ty":"gr","it":[{"ind":0,"ty":"sh","ix":1,"ks":{"a":1,"k":[{"i":{"x":0.3,"y":1},"o":{"x":0.7,"y":0},"t":0,"s":[{"i":[[0,0],[0,0],[0,0],[0,0],[27.481,-15.862],[0,0]],"o":[[0,0],[0,0],[0,0],[27.481,15.862],[0,0],[0,0]],"v":[[-40.619,137.692],[-40.619,-4.928],[21.16,-40.618],[82.939,-4.928],[82.939,66.382],[21.16,102.072]],"c":true}],"e":[{"i":[[0,22.433],[-7.35,7.35],[-11.216,0],[-7.35,-7.35],[0,-11.216],[22.433,0]],"o":[[0,-11.216],[7.35,-7.35],[11.216,0],[7.35,7.35],[0,22.433],[-22.433,0]],"v":[[-40.618,0],[-28.721,-28.721],[0,-40.618],[28.721,-28.721],[40.618,0],[0,40.618]],"c":true}]},{"i":{"x":0.3,"y":1},"o":{"x":0.7,"y":0},"t":60,"s":[{"i":[[0,22.433],[-7.35,7.35],[-11.216,0],[-7.35,-7.35],[0,-11.216],[22.433,0]],"o":[[0,-11.216],[7.35,-7.35],[11.216,0],[7.35,7.35],[0,22.433],[-22.433,0]],"v":[[-40.618,0],[-28.721,-28.721],[0,-40.618],[28.721,-28.721],[40.618,0],[0,40.618]],"c":true}],"e":[{"i":[[0,22.433],[-7.35,7.35],[-11.216,0],[-7.35,-7.35],[0,-11.216],[22.433,0]],"o":[[0,-11.216],[7.35,-7.35],[11.216,0],[7.35,7.35],[0,22.433],[-22.433,0]],"v":[[-40.618,0],[-28.721,-28.721],[0,-40.618],[28.721,-28.721],[40.618,0],[0,40.618]],"c":true}]},{"i":{"x":0.3,"y":1},"o":{"x":0.167,"y":0},"t":210,"s":[{"i":[[0,22.433],[-7.35,7.35],[-11.216,0],[-7.35,-7.35],[0,-11.216],[22.433,0]],"o":[[0,-11.216],[7.35,-7.35],[11.216,0],[7.35,7.35],[0,22.433],[-22.433,0]],"v":[[-40.618,0],[-28.721,-28.721],[0,-40.618],[28.721,-28.721],[40.618,0],[0,40.618]],"c":true}],"e":[{"i":[[0,22.433],[-7.35,7.35],[-11.216,0],[-7.35,-7.35],[0,-11.216],[22.433,0]],"o":[[0,-11.216],[7.35,-7.35],[11.216,0],[7.35,7.35],[0,22.433],[-22.433,0]],"v":[[-40.618,0],[-28.721,-28.721],[0,-40.618],[28.721,-28.721],[40.618,0],[0,40.618]],"c":true}]},{"i":{"x":0.3,"y":1},"o":{"x":0.167,"y":0},"t":270,"s":[{"i":[[0,22.433],[-7.35,7.35],[-11.216,0],[-7.35,-7.35],[0,-11.216],[22.433,0]],"o":[[0,-11.216],[7.35,-7.35],[11.216,0],[7.35,7.35],[0,22.433],[-22.433,0]],"v":[[-40.618,0],[-28.721,-28.721],[0,-40.618],[28.721,-28.721],[40.618,0],[0,40.618]],"c":true}],"e":[{"i":[[0,22.433],[-7.35,7.35],[-11.216,0],[-7.35,-7.35],[0,-11.216],[22.433,0]],"o":[[0,-11.216],[7.35,-7.35],[11.216,0],[7.35,7.35],[0,22.433],[-22.433,0]],"v":[[-40.618,0],[-28.721,-28.721],[0,-40.618],[28.721,-28.721],[40.618,0],[0,40.618]],"c":true}]},{"i":{"x":0.3,"y":1},"o":{"x":0.167,"y":0},"t":300,"s":[{"i":[[0,22.433],[-7.35,7.35],[-11.216,0],[-7.35,-7.35],[0,-11.216],[22.433,0]],"o":[[0,-11.216],[7.35,-7.35],[11.216,0],[7.35,7.35],[0,22.433],[-22.433,0]],"v":[[-40.618,0],[-28.721,-28.721],[0,-40.618],[28.721,-28.721],[40.618,0],[0,40.618]],"c":true}],"e":[{"i":[[0,0],[0,0],[0,0],[0,0],[27.481,-15.862],[0,0]],"o":[[0,0],[0,0],[0,0],[27.481,15.862],[0,0],[0,0]],"v":[[-40.619,137.692],[-40.619,-4.928],[21.16,-40.618],[82.939,-4.928],[82.939,66.382],[21.16,102.072]],"c":true}]},{"t":330}],"ix":2},"nm":"Path 1","mn":"ADBE Vector Shape - Group","hd":false},{"ty":"fl","c":{"a":0,"k":[0.341176470588,0.427450980392,0.886274509804,1],"ix":4},"o":{"a":0,"k":100,"ix":5},"r":1,"bm":0,"nm":"Fill 1","mn":"ADBE Vector Graphic - Fill","hd":false},{"ty":"tr","p":{"a":0,"k":[40.869,40.868],"ix":2},"a":{"a":0,"k":[0,0],"ix":1},"s":{"a":0,"k":[100,100],"ix":3},"r":{"a":0,"k":0,"ix":6},"o":{"a":0,"k":100,"ix":7},"sk":{"a":0,"k":0,"ix":4},"sa":{"a":0,"k":0,"ix":5},"nm":"Transform"}],"nm":"Group 1","np":2,"cix":2,"bm":0,"ix":1,"mn":"ADBE Vector Group","hd":false}],"ip":0,"op":421,"st":0,"bm":0}]},{"id":"comp_1","layers":[{"ddd":0,"ind":1,"ty":4,"nm":"Layer 2 Outlines","sr":1,"ks":{"o":{"a":0,"k":100,"ix":11},"r":{"a":0,"k":0,"ix":10},"p":{"a":1,"k":[{"i":{"x":0.3,"y":1},"o":{"x":0.7,"y":0},"t":0,"s":[234.771,83.81,0],"e":[297.771,113.31,0],"to":[10.5,4.917,0],"ti":[-21,5.083,0]},{"i":{"x":0.3,"y":1},"o":{"x":0.7,"y":0},"t":60,"s":[297.771,113.31,0],"e":[360.771,53.31,0],"to":[21,-5.083,0],"ti":[0,0,0]},{"i":{"x":0.3,"y":1},"o":{"x":0.7,"y":0},"t":150,"s":[360.771,53.31,0],"e":[297.771,113.31,0],"to":[0,0,0],"ti":[17.462,-33.782,0]},{"i":{"x":0.3,"y":1},"o":{"x":0.7,"y":0},"t":210,"s":[297.771,113.31,0],"e":[256,256,0],"to":[-17.462,33.782,0],"ti":[10.5,4.917,0]},{"i":{"x":0.3,"y":1},"o":{"x":0.167,"y":0},"t":270,"s":[256,256,0],"e":[234.771,83.81,0],"to":[-10.5,-4.917,0],"ti":[3.538,28.698,0]},{"t":330}],"ix":2},"a":{"a":0,"k":[40.868,40.868,0],"ix":1},"s":{"a":1,"k":[{"i":{"x":[0.3,0.3,0.3],"y":[1,1,1]},"o":{"x":[0.7,0.7,0.7],"y":[0,0,0]},"t":60,"s":[100,100,100],"e":[55,55,100]},{"i":{"x":[0.3,0.3,0.3],"y":[1,1,1]},"o":{"x":[0.7,0.7,0.7],"y":[0,0,0]},"t":150,"s":[55,55,100],"e":[100,100,100]},{"i":{"x":[0.833,0.833,0.833],"y":[1,1,1]},"o":{"x":[0.7,0.7,0.7],"y":[0,0,0]},"t":210,"s":[100,100,100],"e":[40,40,100]},{"i":{"x":[0.3,0.3,0.3],"y":[1,1,1]},"o":{"x":[0.167,0.167,0.167],"y":[0,0,0]},"t":270,"s":[40,40,100],"e":[100,100,100]},{"t":330}],"ix":6}},"ao":0,"shapes":[{"ty":"gr","it":[{"ind":0,"ty":"sh","ix":1,"ks":{"a":1,"k":[{"i":{"x":0.3,"y":1},"o":{"x":0.7,"y":0},"t":0,"s":[{"i":[[0,0],[0,0],[0,0],[0,0],[27.481,-15.862],[0,0]],"o":[[0,0],[0,0],[0,0],[27.481,15.862],[0,0],[0,0]],"v":[[-40.619,137.692],[-40.619,-4.928],[21.16,-40.618],[82.939,-4.928],[82.939,66.382],[21.16,102.072]],"c":true}],"e":[{"i":[[0,22.433],[-7.35,7.35],[-11.216,0],[-7.35,-7.35],[0,-11.216],[22.433,0]],"o":[[0,-11.216],[7.35,-7.35],[11.216,0],[7.35,7.35],[0,22.433],[-22.433,0]],"v":[[-40.618,0],[-28.721,-28.721],[0,-40.618],[28.721,-28.721],[40.618,0],[0,40.618]],"c":true}]},{"i":{"x":0.3,"y":1},"o":{"x":0.7,"y":0},"t":60,"s":[{"i":[[0,22.433],[-7.35,7.35],[-11.216,0],[-7.35,-7.35],[0,-11.216],[22.433,0]],"o":[[0,-11.216],[7.35,-7.35],[11.216,0],[7.35,7.35],[0,22.433],[-22.433,0]],"v":[[-40.618,0],[-28.721,-28.721],[0,-40.618],[28.721,-28.721],[40.618,0],[0,40.618]],"c":true}],"e":[{"i":[[0,22.433],[-7.35,7.35],[-11.216,0],[-7.35,-7.35],[0,-11.216],[22.433,0]],"o":[[0,-11.216],[7.35,-7.35],[11.216,0],[7.35,7.35],[0,22.433],[-22.433,0]],"v":[[-40.618,0],[-28.721,-28.721],[0,-40.618],[28.721,-28.721],[40.618,0],[0,40.618]],"c":true}]},{"i":{"x":0.3,"y":1},"o":{"x":0.167,"y":0},"t":210,"s":[{"i":[[0,22.433],[-7.35,7.35],[-11.216,0],[-7.35,-7.35],[0,-11.216],[22.433,0]],"o":[[0,-11.216],[7.35,-7.35],[11.216,0],[7.35,7.35],[0,22.433],[-22.433,0]],"v":[[-40.618,0],[-28.721,-28.721],[0,-40.618],[28.721,-28.721],[40.618,0],[0,40.618]],"c":true}],"e":[{"i":[[0,22.433],[-7.35,7.35],[-11.216,0],[-7.35,-7.35],[0,-11.216],[22.433,0]],"o":[[0,-11.216],[7.35,-7.35],[11.216,0],[7.35,7.35],[0,22.433],[-22.433,0]],"v":[[-40.618,0],[-28.721,-28.721],[0,-40.618],[28.721,-28.721],[40.618,0],[0,40.618]],"c":true}]},{"i":{"x":0.3,"y":1},"o":{"x":0.167,"y":0},"t":270,"s":[{"i":[[0,22.433],[-7.35,7.35],[-11.216,0],[-7.35,-7.35],[0,-11.216],[22.433,0]],"o":[[0,-11.216],[7.35,-7.35],[11.216,0],[7.35,7.35],[0,22.433],[-22.433,0]],"v":[[-40.618,0],[-28.721,-28.721],[0,-40.618],[28.721,-28.721],[40.618,0],[0,40.618]],"c":true}],"e":[{"i":[[0,22.433],[-7.35,7.35],[-11.216,0],[-7.35,-7.35],[0,-11.216],[22.433,0]],"o":[[0,-11.216],[7.35,-7.35],[11.216,0],[7.35,7.35],[0,22.433],[-22.433,0]],"v":[[-40.618,0],[-28.721,-28.721],[0,-40.618],[28.721,-28.721],[40.618,0],[0,40.618]],"c":true}]},{"i":{"x":0.3,"y":1},"o":{"x":0.167,"y":0},"t":300,"s":[{"i":[[0,22.433],[-7.35,7.35],[-11.216,0],[-7.35,-7.35],[0,-11.216],[22.433,0]],"o":[[0,-11.216],[7.35,-7.35],[11.216,0],[7.35,7.35],[0,22.433],[-22.433,0]],"v":[[-40.618,0],[-28.721,-28.721],[0,-40.618],[28.721,-28.721],[40.618,0],[0,40.618]],"c":true}],"e":[{"i":[[0,0],[0,0],[0,0],[0,0],[27.481,-15.862],[0,0]],"o":[[0,0],[0,0],[0,0],[27.481,15.862],[0,0],[0,0]],"v":[[-40.619,137.692],[-40.619,-4.928],[21.16,-40.618],[82.939,-4.928],[82.939,66.382],[21.16,102.072]],"c":true}]},{"t":330}],"ix":2},"nm":"Path 1","mn":"ADBE Vector Shape - Group","hd":false},{"ty":"fl","c":{"a":0,"k":[0.654901960784,0.196078431373,0.960784313725,1],"ix":4},"o":{"a":0,"k":100,"ix":5},"r":1,"bm":0,"nm":"Fill 1","mn":"ADBE Vector Graphic - Fill","hd":false},{"ty":"tr","p":{"a":0,"k":[40.869,40.868],"ix":2},"a":{"a":0,"k":[0,0],"ix":1},"s":{"a":0,"k":[100,100],"ix":3},"r":{"a":0,"k":0,"ix":6},"o":{"a":0,"k":100,"ix":7},"sk":{"a":0,"k":0,"ix":4},"sa":{"a":0,"k":0,"ix":5},"nm":"Transform"}],"nm":"Group 1","np":2,"cix":2,"bm":0,"ix":1,"mn":"ADBE Vector Group","hd":false}],"ip":0,"op":421,"st":0,"bm":0}]},{"id":"comp_2","layers":[{"ddd":0,"ind":1,"ty":4,"nm":"Layer 2 Outlines","sr":1,"ks":{"o":{"a":0,"k":100,"ix":11},"r":{"a":0,"k":0,"ix":10},"p":{"a":1,"k":[{"i":{"x":0.3,"y":1},"o":{"x":0.7,"y":0},"t":0,"s":[234.771,83.81,0],"e":[297.771,113.31,0],"to":[10.5,4.917,0],"ti":[-21,5.083,0]},{"i":{"x":0.3,"y":1},"o":{"x":0.7,"y":0},"t":60,"s":[297.771,113.31,0],"e":[360.771,53.31,0],"to":[21,-5.083,0],"ti":[0,0,0]},{"i":{"x":0.3,"y":1},"o":{"x":0.7,"y":0},"t":150,"s":[360.771,53.31,0],"e":[297.771,113.31,0],"to":[0,0,0],"ti":[17.462,-33.782,0]},{"i":{"x":0.3,"y":1},"o":{"x":0.7,"y":0},"t":210,"s":[297.771,113.31,0],"e":[256,256,0],"to":[-17.462,33.782,0],"ti":[10.5,4.917,0]},{"i":{"x":0.3,"y":1},"o":{"x":0.167,"y":0},"t":270,"s":[256,256,0],"e":[234.771,83.81,0],"to":[-10.5,-4.917,0],"ti":[3.538,28.698,0]},{"t":330}],"ix":2},"a":{"a":0,"k":[40.868,40.868,0],"ix":1},"s":{"a":1,"k":[{"i":{"x":[0.3,0.3,0.3],"y":[1,1,1]},"o":{"x":[0.7,0.7,0.7],"y":[0,0,0]},"t":60,"s":[100,100,100],"e":[55,55,100]},{"i":{"x":[0.3,0.3,0.3],"y":[1,1,1]},"o":{"x":[0.7,0.7,0.7],"y":[0,0,0]},"t":150,"s":[55,55,100],"e":[100,100,100]},{"i":{"x":[0.833,0.833,0.833],"y":[1,1,1]},"o":{"x":[0.7,0.7,0.7],"y":[0,0,0]},"t":210,"s":[100,100,100],"e":[40,40,100]},{"i":{"x":[0.3,0.3,0.3],"y":[1,1,1]},"o":{"x":[0.167,0.167,0.167],"y":[0,0,0]},"t":270,"s":[40,40,100],"e":[100,100,100]},{"t":330}],"ix":6}},"ao":0,"shapes":[{"ty":"gr","it":[{"ind":0,"ty":"sh","ix":1,"ks":{"a":1,"k":[{"i":{"x":0.3,"y":1},"o":{"x":0.7,"y":0},"t":0,"s":[{"i":[[0,0],[0,0],[0,0],[0,0],[27.481,-15.862],[0,0]],"o":[[0,0],[0,0],[0,0],[27.481,15.862],[0,0],[0,0]],"v":[[-40.619,137.692],[-40.619,-4.928],[21.16,-40.618],[82.939,-4.928],[82.939,66.382],[21.16,102.072]],"c":true}],"e":[{"i":[[0,22.433],[-7.35,7.35],[-11.216,0],[-7.35,-7.35],[0,-11.216],[22.433,0]],"o":[[0,-11.216],[7.35,-7.35],[11.216,0],[7.35,7.35],[0,22.433],[-22.433,0]],"v":[[-40.618,0],[-28.721,-28.721],[0,-40.618],[28.721,-28.721],[40.618,0],[0,40.618]],"c":true}]},{"i":{"x":0.3,"y":1},"o":{"x":0.7,"y":0},"t":60,"s":[{"i":[[0,22.433],[-7.35,7.35],[-11.216,0],[-7.35,-7.35],[0,-11.216],[22.433,0]],"o":[[0,-11.216],[7.35,-7.35],[11.216,0],[7.35,7.35],[0,22.433],[-22.433,0]],"v":[[-40.618,0],[-28.721,-28.721],[0,-40.618],[28.721,-28.721],[40.618,0],[0,40.618]],"c":true}],"e":[{"i":[[0,22.433],[-7.35,7.35],[-11.216,0],[-7.35,-7.35],[0,-11.216],[22.433,0]],"o":[[0,-11.216],[7.35,-7.35],[11.216,0],[7.35,7.35],[0,22.433],[-22.433,0]],"v":[[-40.618,0],[-28.721,-28.721],[0,-40.618],[28.721,-28.721],[40.618,0],[0,40.618]],"c":true}]},{"i":{"x":0.3,"y":1},"o":{"x":0.167,"y":0},"t":210,"s":[{"i":[[0,22.433],[-7.35,7.35],[-11.216,0],[-7.35,-7.35],[0,-11.216],[22.433,0]],"o":[[0,-11.216],[7.35,-7.35],[11.216,0],[7.35,7.35],[0,22.433],[-22.433,0]],"v":[[-40.618,0],[-28.721,-28.721],[0,-40.618],[28.721,-28.721],[40.618,0],[0,40.618]],"c":true}],"e":[{"i":[[0,22.433],[-7.35,7.35],[-11.216,0],[-7.35,-7.35],[0,-11.216],[22.433,0]],"o":[[0,-11.216],[7.35,-7.35],[11.216,0],[7.35,7.35],[0,22.433],[-22.433,0]],"v":[[-40.618,0],[-28.721,-28.721],[0,-40.618],[28.721,-28.721],[40.618,0],[0,40.618]],"c":true}]},{"i":{"x":0.3,"y":1},"o":{"x":0.167,"y":0},"t":270,"s":[{"i":[[0,22.433],[-7.35,7.35],[-11.216,0],[-7.35,-7.35],[0,-11.216],[22.433,0]],"o":[[0,-11.216],[7.35,-7.35],[11.216,0],[7.35,7.35],[0,22.433],[-22.433,0]],"v":[[-40.618,0],[-28.721,-28.721],[0,-40.618],[28.721,-28.721],[40.618,0],[0,40.618]],"c":true}],"e":[{"i":[[0,22.433],[-7.35,7.35],[-11.216,0],[-7.35,-7.35],[0,-11.216],[22.433,0]],"o":[[0,-11.216],[7.35,-7.35],[11.216,0],[7.35,7.35],[0,22.433],[-22.433,0]],"v":[[-40.618,0],[-28.721,-28.721],[0,-40.618],[28.721,-28.721],[40.618,0],[0,40.618]],"c":true}]},{"i":{"x":0.3,"y":1},"o":{"x":0.167,"y":0},"t":300,"s":[{"i":[[0,22.433],[-7.35,7.35],[-11.216,0],[-7.35,-7.35],[0,-11.216],[22.433,0]],"o":[[0,-11.216],[7.35,-7.35],[11.216,0],[7.35,7.35],[0,22.433],[-22.433,0]],"v":[[-40.618,0],[-28.721,-28.721],[0,-40.618],[28.721,-28.721],[40.618,0],[0,40.618]],"c":true}],"e":[{"i":[[0,0],[0,0],[0,0],[0,0],[27.481,-15.862],[0,0]],"o":[[0,0],[0,0],[0,0],[27.481,15.862],[0,0],[0,0]],"v":[[-40.619,137.692],[-40.619,-4.928],[21.16,-40.618],[82.939,-4.928],[82.939,66.382],[21.16,102.072]],"c":true}]},{"t":330}],"ix":2},"nm":"Path 1","mn":"ADBE Vector Shape - Group","hd":false},{"ty":"fl","c":{"a":0,"k":[0.910000011968,0.322000002394,0.713999968884,1],"ix":4},"o":{"a":0,"k":100,"ix":5},"r":1,"bm":0,"nm":"Fill 1","mn":"ADBE Vector Graphic - Fill","hd":false},{"ty":"tr","p":{"a":0,"k":[40.869,40.868],"ix":2},"a":{"a":0,"k":[0,0],"ix":1},"s":{"a":0,"k":[100,100],"ix":3},"r":{"a":0,"k":0,"ix":6},"o":{"a":0,"k":100,"ix":7},"sk":{"a":0,"k":0,"ix":4},"sa":{"a":0,"k":0,"ix":5},"nm":"Transform"}],"nm":"Group 1","np":2,"cix":2,"bm":0,"ix":1,"mn":"ADBE Vector Group","hd":false}],"ip":0,"op":421,"st":0,"bm":0}]},{"id":"comp_3","layers":[{"ddd":0,"ind":1,"ty":4,"nm":"Layer 2 Outlines","sr":1,"ks":{"o":{"a":0,"k":100,"ix":11},"r":{"a":0,"k":0,"ix":10},"p":{"a":1,"k":[{"i":{"x":0.3,"y":1},"o":{"x":0.7,"y":0},"t":0,"s":[234.771,83.81,0],"e":[297.771,113.31,0],"to":[10.5,4.917,0],"ti":[-21,5.083,0]},{"i":{"x":0.3,"y":1},"o":{"x":0.7,"y":0},"t":60,"s":[297.771,113.31,0],"e":[360.771,53.31,0],"to":[21,-5.083,0],"ti":[0,0,0]},{"i":{"x":0.3,"y":1},"o":{"x":0.7,"y":0},"t":150,"s":[360.771,53.31,0],"e":[297.771,113.31,0],"to":[0,0,0],"ti":[17.462,-33.782,0]},{"i":{"x":0.3,"y":1},"o":{"x":0.7,"y":0},"t":210,"s":[297.771,113.31,0],"e":[256,256,0],"to":[-17.462,33.782,0],"ti":[10.5,4.917,0]},{"i":{"x":0.3,"y":1},"o":{"x":0.167,"y":0},"t":270,"s":[256,256,0],"e":[234.771,83.81,0],"to":[-10.5,-4.917,0],"ti":[3.538,28.698,0]},{"t":330}],"ix":2},"a":{"a":0,"k":[40.868,40.868,0],"ix":1},"s":{"a":1,"k":[{"i":{"x":[0.3,0.3,0.3],"y":[1,1,1]},"o":{"x":[0.7,0.7,0.7],"y":[0,0,0]},"t":60,"s":[100,100,100],"e":[55,55,100]},{"i":{"x":[0.3,0.3,0.3],"y":[1,1,1]},"o":{"x":[0.7,0.7,0.7],"y":[0,0,0]},"t":150,"s":[55,55,100],"e":[100,100,100]},{"i":{"x":[0.833,0.833,0.833],"y":[1,1,1]},"o":{"x":[0.7,0.7,0.7],"y":[0,0,0]},"t":210,"s":[100,100,100],"e":[40,40,100]},{"i":{"x":[0.3,0.3,0.3],"y":[1,1,1]},"o":{"x":[0.167,0.167,0.167],"y":[0,0,0]},"t":270,"s":[40,40,100],"e":[100,100,100]},{"t":330}],"ix":6}},"ao":0,"shapes":[{"ty":"gr","it":[{"ind":0,"ty":"sh","ix":1,"ks":{"a":1,"k":[{"i":{"x":0.3,"y":1},"o":{"x":0.7,"y":0},"t":0,"s":[{"i":[[0,0],[0,0],[0,0],[0,0],[27.481,-15.862],[0,0]],"o":[[0,0],[0,0],[0,0],[27.481,15.862],[0,0],[0,0]],"v":[[-40.619,137.692],[-40.619,-4.928],[21.16,-40.618],[82.939,-4.928],[82.939,66.382],[21.16,102.072]],"c":true}],"e":[{"i":[[0,22.433],[-7.35,7.35],[-11.216,0],[-7.35,-7.35],[0,-11.216],[22.433,0]],"o":[[0,-11.216],[7.35,-7.35],[11.216,0],[7.35,7.35],[0,22.433],[-22.433,0]],"v":[[-40.618,0],[-28.721,-28.721],[0,-40.618],[28.721,-28.721],[40.618,0],[0,40.618]],"c":true}]},{"i":{"x":0.3,"y":1},"o":{"x":0.7,"y":0},"t":60,"s":[{"i":[[0,22.433],[-7.35,7.35],[-11.216,0],[-7.35,-7.35],[0,-11.216],[22.433,0]],"o":[[0,-11.216],[7.35,-7.35],[11.216,0],[7.35,7.35],[0,22.433],[-22.433,0]],"v":[[-40.618,0],[-28.721,-28.721],[0,-40.618],[28.721,-28.721],[40.618,0],[0,40.618]],"c":true}],"e":[{"i":[[0,22.433],[-7.35,7.35],[-11.216,0],[-7.35,-7.35],[0,-11.216],[22.433,0]],"o":[[0,-11.216],[7.35,-7.35],[11.216,0],[7.35,7.35],[0,22.433],[-22.433,0]],"v":[[-40.618,0],[-28.721,-28.721],[0,-40.618],[28.721,-28.721],[40.618,0],[0,40.618]],"c":true}]},{"i":{"x":0.3,"y":1},"o":{"x":0.167,"y":0},"t":210,"s":[{"i":[[0,22.433],[-7.35,7.35],[-11.216,0],[-7.35,-7.35],[0,-11.216],[22.433,0]],"o":[[0,-11.216],[7.35,-7.35],[11.216,0],[7.35,7.35],[0,22.433],[-22.433,0]],"v":[[-40.618,0],[-28.721,-28.721],[0,-40.618],[28.721,-28.721],[40.618,0],[0,40.618]],"c":true}],"e":[{"i":[[0,22.433],[-7.35,7.35],[-11.216,0],[-7.35,-7.35],[0,-11.216],[22.433,0]],"o":[[0,-11.216],[7.35,-7.35],[11.216,0],[7.35,7.35],[0,22.433],[-22.433,0]],"v":[[-40.618,0],[-28.721,-28.721],[0,-40.618],[28.721,-28.721],[40.618,0],[0,40.618]],"c":true}]},{"i":{"x":0.3,"y":1},"o":{"x":0.167,"y":0},"t":270,"s":[{"i":[[0,22.433],[-7.35,7.35],[-11.216,0],[-7.35,-7.35],[0,-11.216],[22.433,0]],"o":[[0,-11.216],[7.35,-7.35],[11.216,0],[7.35,7.35],[0,22.433],[-22.433,0]],"v":[[-40.618,0],[-28.721,-28.721],[0,-40.618],[28.721,-28.721],[40.618,0],[0,40.618]],"c":true}],"e":[{"i":[[0,22.433],[-7.35,7.35],[-11.216,0],[-7.35,-7.35],[0,-11.216],[22.433,0]],"o":[[0,-11.216],[7.35,-7.35],[11.216,0],[7.35,7.35],[0,22.433],[-22.433,0]],"v":[[-40.618,0],[-28.721,-28.721],[0,-40.618],[28.721,-28.721],[40.618,0],[0,40.618]],"c":true}]},{"i":{"x":0.3,"y":1},"o":{"x":0.167,"y":0},"t":300,"s":[{"i":[[0,22.433],[-7.35,7.35],[-11.216,0],[-7.35,-7.35],[0,-11.216],[22.433,0]],"o":[[0,-11.216],[7.35,-7.35],[11.216,0],[7.35,7.35],[0,22.433],[-22.433,0]],"v":[[-40.618,0],[-28.721,-28.721],[0,-40.618],[28.721,-28.721],[40.618,0],[0,40.618]],"c":true}],"e":[{"i":[[0,0],[0,0],[0,0],[0,0],[27.481,-15.862],[0,0]],"o":[[0,0],[0,0],[0,0],[27.481,15.862],[0,0],[0,0]],"v":[[-40.619,137.692],[-40.619,-4.928],[21.16,-40.618],[82.939,-4.928],[82.939,66.382],[21.16,102.072]],"c":true}]},{"t":330}],"ix":2},"nm":"Path 1","mn":"ADBE Vector Shape - Group","hd":false},{"ty":"fl","c":{"a":0,"k":[0.976470588235,0.878431372549,0.376470588235,1],"ix":4},"o":{"a":0,"k":100,"ix":5},"r":1,"bm":0,"nm":"Fill 1","mn":"ADBE Vector Graphic - Fill","hd":false},{"ty":"tr","p":{"a":0,"k":[40.869,40.868],"ix":2},"a":{"a":0,"k":[0,0],"ix":1},"s":{"a":0,"k":[100,100],"ix":3},"r":{"a":0,"k":0,"ix":6},"o":{"a":0,"k":100,"ix":7},"sk":{"a":0,"k":0,"ix":4},"sa":{"a":0,"k":0,"ix":5},"nm":"Transform"}],"nm":"Group 1","np":2,"cix":2,"bm":0,"ix":1,"mn":"ADBE Vector Group","hd":false}],"ip":0,"op":421,"st":0,"bm":0}]},{"id":"comp_4","layers":[{"ddd":0,"ind":1,"ty":4,"nm":"Layer 2 Outlines","sr":1,"ks":{"o":{"a":0,"k":100,"ix":11},"r":{"a":0,"k":0,"ix":10},"p":{"a":1,"k":[{"i":{"x":0.3,"y":1},"o":{"x":0.7,"y":0},"t":0,"s":[234.771,83.81,0],"e":[297.771,113.31,0],"to":[10.5,4.917,0],"ti":[-21,5.083,0]},{"i":{"x":0.3,"y":1},"o":{"x":0.7,"y":0},"t":60,"s":[297.771,113.31,0],"e":[360.771,53.31,0],"to":[21,-5.083,0],"ti":[0,0,0]},{"i":{"x":0.3,"y":1},"o":{"x":0.7,"y":0},"t":150,"s":[360.771,53.31,0],"e":[297.771,113.31,0],"to":[0,0,0],"ti":[17.462,-33.782,0]},{"i":{"x":0.3,"y":1},"o":{"x":0.7,"y":0},"t":210,"s":[297.771,113.31,0],"e":[256,256,0],"to":[-17.462,33.782,0],"ti":[10.5,4.917,0]},{"i":{"x":0.3,"y":1},"o":{"x":0.167,"y":0},"t":270,"s":[256,256,0],"e":[234.771,83.81,0],"to":[-10.5,-4.917,0],"ti":[3.538,28.698,0]},{"t":330}],"ix":2},"a":{"a":0,"k":[40.868,40.868,0],"ix":1},"s":{"a":1,"k":[{"i":{"x":[0.3,0.3,0.3],"y":[1,1,1]},"o":{"x":[0.7,0.7,0.7],"y":[0,0,0]},"t":60,"s":[100,100,100],"e":[55,55,100]},{"i":{"x":[0.3,0.3,0.3],"y":[1,1,1]},"o":{"x":[0.7,0.7,0.7],"y":[0,0,0]},"t":150,"s":[55,55,100],"e":[100,100,100]},{"i":{"x":[0.833,0.833,0.833],"y":[1,1,1]},"o":{"x":[0.7,0.7,0.7],"y":[0,0,0]},"t":210,"s":[100,100,100],"e":[40,40,100]},{"i":{"x":[0.3,0.3,0.3],"y":[1,1,1]},"o":{"x":[0.167,0.167,0.167],"y":[0,0,0]},"t":270,"s":[40,40,100],"e":[100,100,100]},{"t":330}],"ix":6}},"ao":0,"shapes":[{"ty":"gr","it":[{"ind":0,"ty":"sh","ix":1,"ks":{"a":1,"k":[{"i":{"x":0.3,"y":1},"o":{"x":0.7,"y":0},"t":0,"s":[{"i":[[0,0],[0,0],[0,0],[0,0],[27.481,-15.862],[0,0]],"o":[[0,0],[0,0],[0,0],[27.481,15.862],[0,0],[0,0]],"v":[[-40.619,137.692],[-40.619,-4.928],[21.16,-40.618],[82.939,-4.928],[82.939,66.382],[21.16,102.072]],"c":true}],"e":[{"i":[[0,22.433],[-7.35,7.35],[-11.216,0],[-7.35,-7.35],[0,-11.216],[22.433,0]],"o":[[0,-11.216],[7.35,-7.35],[11.216,0],[7.35,7.35],[0,22.433],[-22.433,0]],"v":[[-40.618,0],[-28.721,-28.721],[0,-40.618],[28.721,-28.721],[40.618,0],[0,40.618]],"c":true}]},{"i":{"x":0.3,"y":1},"o":{"x":0.7,"y":0},"t":60,"s":[{"i":[[0,22.433],[-7.35,7.35],[-11.216,0],[-7.35,-7.35],[0,-11.216],[22.433,0]],"o":[[0,-11.216],[7.35,-7.35],[11.216,0],[7.35,7.35],[0,22.433],[-22.433,0]],"v":[[-40.618,0],[-28.721,-28.721],[0,-40.618],[28.721,-28.721],[40.618,0],[0,40.618]],"c":true}],"e":[{"i":[[0,22.433],[-7.35,7.35],[-11.216,0],[-7.35,-7.35],[0,-11.216],[22.433,0]],"o":[[0,-11.216],[7.35,-7.35],[11.216,0],[7.35,7.35],[0,22.433],[-22.433,0]],"v":[[-40.618,0],[-28.721,-28.721],[0,-40.618],[28.721,-28.721],[40.618,0],[0,40.618]],"c":true}]},{"i":{"x":0.3,"y":1},"o":{"x":0.167,"y":0},"t":210,"s":[{"i":[[0,22.433],[-7.35,7.35],[-11.216,0],[-7.35,-7.35],[0,-11.216],[22.433,0]],"o":[[0,-11.216],[7.35,-7.35],[11.216,0],[7.35,7.35],[0,22.433],[-22.433,0]],"v":[[-40.618,0],[-28.721,-28.721],[0,-40.618],[28.721,-28.721],[40.618,0],[0,40.618]],"c":true}],"e":[{"i":[[0,22.433],[-7.35,7.35],[-11.216,0],[-7.35,-7.35],[0,-11.216],[22.433,0]],"o":[[0,-11.216],[7.35,-7.35],[11.216,0],[7.35,7.35],[0,22.433],[-22.433,0]],"v":[[-40.618,0],[-28.721,-28.721],[0,-40.618],[28.721,-28.721],[40.618,0],[0,40.618]],"c":true}]},{"i":{"x":0.3,"y":1},"o":{"x":0.167,"y":0},"t":270,"s":[{"i":[[0,22.433],[-7.35,7.35],[-11.216,0],[-7.35,-7.35],[0,-11.216],[22.433,0]],"o":[[0,-11.216],[7.35,-7.35],[11.216,0],[7.35,7.35],[0,22.433],[-22.433,0]],"v":[[-40.618,0],[-28.721,-28.721],[0,-40.618],[28.721,-28.721],[40.618,0],[0,40.618]],"c":true}],"e":[{"i":[[0,22.433],[-7.35,7.35],[-11.216,0],[-7.35,-7.35],[0,-11.216],[22.433,0]],"o":[[0,-11.216],[7.35,-7.35],[11.216,0],[7.35,7.35],[0,22.433],[-22.433,0]],"v":[[-40.618,0],[-28.721,-28.721],[0,-40.618],[28.721,-28.721],[40.618,0],[0,40.618]],"c":true}]},{"i":{"x":0.3,"y":1},"o":{"x":0.167,"y":0},"t":300,"s":[{"i":[[0,22.433],[-7.35,7.35],[-11.216,0],[-7.35,-7.35],[0,-11.216],[22.433,0]],"o":[[0,-11.216],[7.35,-7.35],[11.216,0],[7.35,7.35],[0,22.433],[-22.433,0]],"v":[[-40.618,0],[-28.721,-28.721],[0,-40.618],[28.721,-28.721],[40.618,0],[0,40.618]],"c":true}],"e":[{"i":[[0,0],[0,0],[0,0],[0,0],[27.481,-15.862],[0,0]],"o":[[0,0],[0,0],[0,0],[27.481,15.862],[0,0],[0,0]],"v":[[-40.619,137.692],[-40.619,-4.928],[21.16,-40.618],[82.939,-4.928],[82.939,66.382],[21.16,102.072]],"c":true}]},{"t":330}],"ix":2},"nm":"Path 1","mn":"ADBE Vector Shape - Group","hd":false},{"ty":"fl","c":{"a":0,"k":[0.372549019608,0.807843137255,0.596078431373,1],"ix":4},"o":{"a":0,"k":100,"ix":5},"r":1,"bm":0,"nm":"Fill 1","mn":"ADBE Vector Graphic - Fill","hd":false},{"ty":"tr","p":{"a":0,"k":[40.869,40.868],"ix":2},"a":{"a":0,"k":[0,0],"ix":1},"s":{"a":0,"k":[100,100],"ix":3},"r":{"a":0,"k":0,"ix":6},"o":{"a":0,"k":100,"ix":7},"sk":{"a":0,"k":0,"ix":4},"sa":{"a":0,"k":0,"ix":5},"nm":"Transform"}],"nm":"Group 1","np":2,"cix":2,"bm":0,"ix":1,"mn":"ADBE Vector Group","hd":false}],"ip":0,"op":421,"st":0,"bm":0}]},{"id":"comp_5","layers":[{"ddd":0,"ind":1,"ty":4,"nm":"Layer 2 Outlines","sr":1,"ks":{"o":{"a":0,"k":100,"ix":11},"r":{"a":0,"k":0,"ix":10},"p":{"a":1,"k":[{"i":{"x":0.3,"y":1},"o":{"x":0.7,"y":0},"t":0,"s":[234.771,83.81,0],"e":[297.771,113.31,0],"to":[10.5,4.917,0],"ti":[-21,5.083,0]},{"i":{"x":0.3,"y":1},"o":{"x":0.7,"y":0},"t":60,"s":[297.771,113.31,0],"e":[360.771,53.31,0],"to":[21,-5.083,0],"ti":[0,0,0]},{"i":{"x":0.3,"y":1},"o":{"x":0.7,"y":0},"t":150,"s":[360.771,53.31,0],"e":[297.771,113.31,0],"to":[0,0,0],"ti":[17.462,-33.782,0]},{"i":{"x":0.3,"y":1},"o":{"x":0.7,"y":0},"t":210,"s":[297.771,113.31,0],"e":[256,256,0],"to":[-17.462,33.782,0],"ti":[10.5,4.917,0]},{"i":{"x":0.3,"y":1},"o":{"x":0.167,"y":0},"t":270,"s":[256,256,0],"e":[234.771,83.81,0],"to":[-10.5,-4.917,0],"ti":[3.538,28.698,0]},{"t":330}],"ix":2},"a":{"a":0,"k":[40.868,40.868,0],"ix":1},"s":{"a":1,"k":[{"i":{"x":[0.3,0.3,0.3],"y":[1,1,1]},"o":{"x":[0.7,0.7,0.7],"y":[0,0,0]},"t":60,"s":[100,100,100],"e":[55,55,100]},{"i":{"x":[0.3,0.3,0.3],"y":[1,1,1]},"o":{"x":[0.7,0.7,0.7],"y":[0,0,0]},"t":150,"s":[55,55,100],"e":[100,100,100]},{"i":{"x":[0.833,0.833,0.833],"y":[1,1,1]},"o":{"x":[0.7,0.7,0.7],"y":[0,0,0]},"t":210,"s":[100,100,100],"e":[40,40,100]},{"i":{"x":[0.3,0.3,0.3],"y":[1,1,1]},"o":{"x":[0.167,0.167,0.167],"y":[0,0,0]},"t":270,"s":[40,40,100],"e":[100,100,100]},{"t":330}],"ix":6}},"ao":0,"shapes":[{"ty":"gr","it":[{"ind":0,"ty":"sh","ix":1,"ks":{"a":1,"k":[{"i":{"x":0.3,"y":1},"o":{"x":0.7,"y":0},"t":0,"s":[{"i":[[0,0],[0,0],[0,0],[0,0],[27.481,-15.862],[0,0]],"o":[[0,0],[0,0],[0,0],[27.481,15.862],[0,0],[0,0]],"v":[[-40.619,137.692],[-40.619,-4.928],[21.16,-40.618],[82.939,-4.928],[82.939,66.382],[21.16,102.072]],"c":true}],"e":[{"i":[[0,22.433],[-7.35,7.35],[-11.216,0],[-7.35,-7.35],[0,-11.216],[22.433,0]],"o":[[0,-11.216],[7.35,-7.35],[11.216,0],[7.35,7.35],[0,22.433],[-22.433,0]],"v":[[-40.618,0],[-28.721,-28.721],[0,-40.618],[28.721,-28.721],[40.618,0],[0,40.618]],"c":true}]},{"i":{"x":0.3,"y":1},"o":{"x":0.7,"y":0},"t":60,"s":[{"i":[[0,22.433],[-7.35,7.35],[-11.216,0],[-7.35,-7.35],[0,-11.216],[22.433,0]],"o":[[0,-11.216],[7.35,-7.35],[11.216,0],[7.35,7.35],[0,22.433],[-22.433,0]],"v":[[-40.618,0],[-28.721,-28.721],[0,-40.618],[28.721,-28.721],[40.618,0],[0,40.618]],"c":true}],"e":[{"i":[[0,22.433],[-7.35,7.35],[-11.216,0],[-7.35,-7.35],[0,-11.216],[22.433,0]],"o":[[0,-11.216],[7.35,-7.35],[11.216,0],[7.35,7.35],[0,22.433],[-22.433,0]],"v":[[-40.618,0],[-28.721,-28.721],[0,-40.618],[28.721,-28.721],[40.618,0],[0,40.618]],"c":true}]},{"i":{"x":0.3,"y":1},"o":{"x":0.167,"y":0},"t":210,"s":[{"i":[[0,22.433],[-7.35,7.35],[-11.216,0],[-7.35,-7.35],[0,-11.216],[22.433,0]],"o":[[0,-11.216],[7.35,-7.35],[11.216,0],[7.35,7.35],[0,22.433],[-22.433,0]],"v":[[-40.618,0],[-28.721,-28.721],[0,-40.618],[28.721,-28.721],[40.618,0],[0,40.618]],"c":true}],"e":[{"i":[[0,22.433],[-7.35,7.35],[-11.216,0],[-7.35,-7.35],[0,-11.216],[22.433,0]],"o":[[0,-11.216],[7.35,-7.35],[11.216,0],[7.35,7.35],[0,22.433],[-22.433,0]],"v":[[-40.618,0],[-28.721,-28.721],[0,-40.618],[28.721,-28.721],[40.618,0],[0,40.618]],"c":true}]},{"i":{"x":0.3,"y":1},"o":{"x":0.167,"y":0},"t":270,"s":[{"i":[[0,22.433],[-7.35,7.35],[-11.216,0],[-7.35,-7.35],[0,-11.216],[22.433,0]],"o":[[0,-11.216],[7.35,-7.35],[11.216,0],[7.35,7.35],[0,22.433],[-22.433,0]],"v":[[-40.618,0],[-28.721,-28.721],[0,-40.618],[28.721,-28.721],[40.618,0],[0,40.618]],"c":true}],"e":[{"i":[[0,22.433],[-7.35,7.35],[-11.216,0],[-7.35,-7.35],[0,-11.216],[22.433,0]],"o":[[0,-11.216],[7.35,-7.35],[11.216,0],[7.35,7.35],[0,22.433],[-22.433,0]],"v":[[-40.618,0],[-28.721,-28.721],[0,-40.618],[28.721,-28.721],[40.618,0],[0,40.618]],"c":true}]},{"i":{"x":0.3,"y":1},"o":{"x":0.167,"y":0},"t":300,"s":[{"i":[[0,22.433],[-7.35,7.35],[-11.216,0],[-7.35,-7.35],[0,-11.216],[22.433,0]],"o":[[0,-11.216],[7.35,-7.35],[11.216,0],[7.35,7.35],[0,22.433],[-22.433,0]],"v":[[-40.618,0],[-28.721,-28.721],[0,-40.618],[28.721,-28.721],[40.618,0],[0,40.618]],"c":true}],"e":[{"i":[[0,0],[0,0],[0,0],[0,0],[27.481,-15.862],[0,0]],"o":[[0,0],[0,0],[0,0],[27.481,15.862],[0,0],[0,0]],"v":[[-40.619,137.692],[-40.619,-4.928],[21.16,-40.618],[82.939,-4.928],[82.939,66.382],[21.16,102.072]],"c":true}]},{"t":330}],"ix":2},"nm":"Path 1","mn":"ADBE Vector Shape - Group","hd":false},{"ty":"fl","c":{"a":0,"k":[0.38431372549,0.725490196078,0.972549019608,1],"ix":4},"o":{"a":0,"k":100,"ix":5},"r":1,"bm":0,"nm":"Fill 1","mn":"ADBE Vector Graphic - Fill","hd":false},{"ty":"tr","p":{"a":0,"k":[40.869,40.868],"ix":2},"a":{"a":0,"k":[0,0],"ix":1},"s":{"a":0,"k":[100,100],"ix":3},"r":{"a":0,"k":0,"ix":6},"o":{"a":0,"k":100,"ix":7},"sk":{"a":0,"k":0,"ix":4},"sa":{"a":0,"k":0,"ix":5},"nm":"Transform"}],"nm":"Group 1","np":2,"cix":2,"bm":0,"ix":1,"mn":"ADBE Vector Group","hd":false}],"ip":0,"op":421,"st":0,"bm":0}]}],"layers":[{"ddd":0,"ind":7,"ty":0,"nm":"Blue","refId":"comp_0","sr":1,"ks":{"o":{"a":0,"k":100,"ix":11},"r":{"a":1,"k":[{"i":{"x":[0.322],"y":[1]},"o":{"x":[0.705],"y":[0]},"t":0,"s":[0],"e":[-226.076]},{"i":{"x":[0.354],"y":[1]},"o":{"x":[0.606],"y":[0]},"t":60,"s":[-226.076],"e":[-568.858]},{"i":{"x":[0.395],"y":[1]},"o":{"x":[0.658],"y":[0]},"t":150,"s":[-568.858],"e":[-226.076]},{"i":{"x":[0.4],"y":[1]},"o":{"x":[0.741],"y":[0]},"t":210,"s":[-226.076],"e":[-586.863]},{"i":{"x":[0.266],"y":[1]},"o":{"x":[0.6],"y":[0]},"t":270,"s":[-586.863],"e":[-299.764]},{"i":{"x":[0.4],"y":[1]},"o":{"x":[0.6],"y":[0]},"t":330,"s":[-299.764],"e":[-359.851]},{"t":360}],"ix":10},"p":{"a":1,"k":[{"i":{"x":0.4,"y":0.4},"o":{"x":0.6,"y":0.6},"t":330,"s":[256,256,0],"e":[256,256,0],"to":[0,0,0],"ti":[0,0,0]},{"t":420}],"ix":2},"a":{"a":0,"k":[256,256,0],"ix":1},"s":{"a":0,"k":[100,100,100],"ix":6}},"ao":0,"w":512,"h":512,"ip":0,"op":420,"st":0,"bm":0},{"ddd":0,"ind":8,"ty":0,"nm":"Purple","refId":"comp_1","sr":1,"ks":{"o":{"a":0,"k":100,"ix":11},"r":{"a":1,"k":[{"i":{"x":[0.322],"y":[1]},"o":{"x":[0.705],"y":[0]},"t":0,"s":[-299.835],"e":[-525.911]},{"i":{"x":[0.354],"y":[1]},"o":{"x":[0.606],"y":[0]},"t":60,"s":[-525.911],"e":[-868.694]},{"i":{"x":[0.395],"y":[1]},"o":{"x":[0.658],"y":[0]},"t":150,"s":[-868.694],"e":[-525.911]},{"i":{"x":[0.4],"y":[1]},"o":{"x":[0.741],"y":[0]},"t":210,"s":[-525.911],"e":[-886.699]},{"i":{"x":[0.266],"y":[1]},"o":{"x":[0.6],"y":[0]},"t":270,"s":[-886.699],"e":[-599.599]},{"i":{"x":[0.4],"y":[1]},"o":{"x":[0.6],"y":[0]},"t":330,"s":[-599.599],"e":[-659.686]},{"t":360}],"ix":10},"p":{"a":1,"k":[{"i":{"x":0.4,"y":0.4},"o":{"x":0.6,"y":0.6},"t":330,"s":[256,256,0],"e":[256,256,0],"to":[0,0,0],"ti":[0,0,0]},{"t":420}],"ix":2},"a":{"a":0,"k":[256,256,0],"ix":1},"s":{"a":0,"k":[100,100,100],"ix":6}},"ao":0,"w":512,"h":512,"ip":0,"op":420,"st":0,"bm":0},{"ddd":0,"ind":9,"ty":0,"nm":"Pink","refId":"comp_2","sr":1,"ks":{"o":{"a":0,"k":100,"ix":11},"r":{"a":1,"k":[{"i":{"x":[0.322],"y":[1]},"o":{"x":[0.705],"y":[0]},"t":0,"s":[-239.888],"e":[-465.963]},{"i":{"x":[0.354],"y":[1]},"o":{"x":[0.606],"y":[0]},"t":60,"s":[-465.963],"e":[-808.746]},{"i":{"x":[0.395],"y":[1]},"o":{"x":[0.658],"y":[0]},"t":150,"s":[-808.746],"e":[-465.963]},{"i":{"x":[0.4],"y":[1]},"o":{"x":[0.741],"y":[0]},"t":210,"s":[-465.963],"e":[-826.751]},{"i":{"x":[0.266],"y":[1]},"o":{"x":[0.6],"y":[0]},"t":270,"s":[-826.751],"e":[-539.651]},{"i":{"x":[0.4],"y":[1]},"o":{"x":[0.6],"y":[0]},"t":330,"s":[-539.651],"e":[-599.738]},{"t":360}],"ix":10},"p":{"a":1,"k":[{"i":{"x":0.4,"y":0.4},"o":{"x":0.6,"y":0.6},"t":330,"s":[256,256,0],"e":[256,256,0],"to":[0,0,0],"ti":[0,0,0]},{"t":420}],"ix":2},"a":{"a":0,"k":[256,256,0],"ix":1},"s":{"a":0,"k":[100,100,100],"ix":6}},"ao":0,"w":512,"h":512,"ip":0,"op":420,"st":0,"bm":0},{"ddd":0,"ind":10,"ty":0,"nm":"Yellow","refId":"comp_3","sr":1,"ks":{"o":{"a":0,"k":100,"ix":11},"r":{"a":1,"k":[{"i":{"x":[0.322],"y":[1]},"o":{"x":[0.705],"y":[0]},"t":0,"s":[-179.795],"e":[-405.871]},{"i":{"x":[0.354],"y":[1]},"o":{"x":[0.606],"y":[0]},"t":60,"s":[-405.871],"e":[-748.653]},{"i":{"x":[0.395],"y":[1]},"o":{"x":[0.658],"y":[0]},"t":150,"s":[-748.653],"e":[-405.871]},{"i":{"x":[0.4],"y":[1]},"o":{"x":[0.741],"y":[0]},"t":210,"s":[-405.871],"e":[-766.658]},{"i":{"x":[0.266],"y":[1]},"o":{"x":[0.6],"y":[0]},"t":270,"s":[-766.658],"e":[-479.559]},{"i":{"x":[0.4],"y":[1]},"o":{"x":[0.6],"y":[0]},"t":330,"s":[-479.559],"e":[-539.646]},{"t":360}],"ix":10},"p":{"a":1,"k":[{"i":{"x":0.4,"y":0.4},"o":{"x":0.6,"y":0.6},"t":330,"s":[256,256,0],"e":[256,256,0],"to":[0,0,0],"ti":[0,0,0]},{"t":420}],"ix":2},"a":{"a":0,"k":[256,256,0],"ix":1},"s":{"a":0,"k":[100,100,100],"ix":6}},"ao":0,"w":512,"h":512,"ip":0,"op":420,"st":0,"bm":0},{"ddd":0,"ind":11,"ty":0,"nm":"Green","refId":"comp_4","sr":1,"ks":{"o":{"a":0,"k":100,"ix":11},"r":{"a":1,"k":[{"i":{"x":[0.322],"y":[1]},"o":{"x":[0.705],"y":[0]},"t":0,"s":[-120.809],"e":[-346.885]},{"i":{"x":[0.354],"y":[1]},"o":{"x":[0.606],"y":[0]},"t":60,"s":[-346.885],"e":[-689.668]},{"i":{"x":[0.395],"y":[1]},"o":{"x":[0.658],"y":[0]},"t":150,"s":[-689.668],"e":[-346.885]},{"i":{"x":[0.4],"y":[1]},"o":{"x":[0.741],"y":[0]},"t":210,"s":[-346.885],"e":[-707.672]},{"i":{"x":[0.266],"y":[1]},"o":{"x":[0.6],"y":[0]},"t":270,"s":[-707.672],"e":[-420.573]},{"i":{"x":[0.4],"y":[1]},"o":{"x":[0.6],"y":[0]},"t":330,"s":[-420.573],"e":[-480.66]},{"t":360}],"ix":10},"p":{"a":1,"k":[{"i":{"x":0.4,"y":0.4},"o":{"x":0.6,"y":0.6},"t":330,"s":[256,256,0],"e":[256,256,0],"to":[0,0,0],"ti":[0,0,0]},{"t":420}],"ix":2},"a":{"a":0,"k":[256,256,0],"ix":1},"s":{"a":0,"k":[100,100,100],"ix":6}},"ao":0,"w":512,"h":512,"ip":0,"op":420,"st":0,"bm":0},{"ddd":0,"ind":12,"ty":0,"nm":"Blue 2","refId":"comp_5","sr":1,"ks":{"o":{"a":0,"k":100,"ix":11},"r":{"a":1,"k":[{"i":{"x":[0.322],"y":[1]},"o":{"x":[0.705],"y":[0]},"t":0,"s":[-60.48],"e":[-286.556]},{"i":{"x":[0.354],"y":[1]},"o":{"x":[0.606],"y":[0]},"t":60,"s":[-286.556],"e":[-629.339]},{"i":{"x":[0.395],"y":[1]},"o":{"x":[0.658],"y":[0]},"t":150,"s":[-629.339],"e":[-286.556]},{"i":{"x":[0.4],"y":[1]},"o":{"x":[0.741],"y":[0]},"t":210,"s":[-286.556],"e":[-647.343]},{"i":{"x":[0.266],"y":[1]},"o":{"x":[0.6],"y":[0]},"t":270,"s":[-647.343],"e":[-360.244]},{"i":{"x":[0.4],"y":[1]},"o":{"x":[0.6],"y":[0]},"t":330,"s":[-360.244],"e":[-420.331]},{"t":360}],"ix":10},"p":{"a":1,"k":[{"i":{"x":0.4,"y":0.4},"o":{"x":0.6,"y":0.6},"t":330,"s":[256,256,0],"e":[256,256,0],"to":[0,0,0],"ti":[0,0,0]},{"t":420}],"ix":2},"a":{"a":0,"k":[256,256,0],"ix":1},"s":{"a":0,"k":[100,100,100],"ix":6}},"ao":0,"w":512,"h":512,"ip":0,"op":420,"st":0,"bm":0}],"markers":[]}