﻿<?xml version="1.0" encoding="utf-8"?>
<manifest package="org.tizen.example.WebViewKiosk.Tizen" version="1.0.0" api-version="6" xmlns="http://tizen.org/ns/packages">
    <profile name="common" />
    <ui-application appid="org.tizen.example.WebViewKiosk.Tizen" exec="WebViewKiosk.Tizen.dll" multiple="false" nodisplay="false" taskmanage="true" type="dotnet" launch_mode="single">
        <label>WebViewKiosk.Tizen</label>
        <icon>WebViewKiosk.Tizen.png</icon>
        <metadata key="http://tizen.org/metadata/prefer_dotnet_aot" value="true" />
        <splash-screens />
    </ui-application>
    <shortcut-list />
    <privileges>
        <privilege>http://tizen.org/privilege/internet</privilege>
    </privileges>
    <dependencies />
    <provides-appdefined-privileges />
</manifest>
